{"user": 0, "interests": [11915, 11676, 16820], "consume_bias": 0.8078341385619281, "consume_sharpness": 0.8231269944724348}
{"user": 1, "interests": [3909, 2665, 25638], "consume_bias": 7.2096215962761745, "consume_sharpness": 1.0970247930121741}
{"user": 2, "interests": [8983, 1466, 40160], "consume_bias": 0.5513631479641579, "consume_sharpness": 1.7755728929500747}
{"user": 3, "interests": [8216, 14865, 34663], "consume_bias": 4.520158050605657, "consume_sharpness": 1.9357037613794301}
{"user": 4, "interests": [48079, 1580, 46827], "consume_bias": 8.217802523112924, "consume_sharpness": 0.8913919439500488}
{"user": 5, "interests": [3670, 429, 38534], "consume_bias": 1.6545561117748164, "consume_sharpness": 1.5151084400883856}
{"user": 6, "interests": [32322, 29062, 6089], "consume_bias": 6.794209581502413, "consume_sharpness": 0.6298705629625747}
{"user": 7, "interests": [16546, 7839, 28872], "consume_bias": 2.4816236659002024, "consume_sharpness": 1.0178455237230968}
{"user": 8, "interests": [815, 38664, 766], "consume_bias": 4.668494569685931, "consume_sharpness": 0.7231291077305698}
{"user": 9, "interests": [31893, 23126, 2867], "consume_bias": 3.0407610062363712, "consume_sharpness": 1.6453632249913}
{"user": 10, "interests": [16895, 2911, 37880], "consume_bias": 5.800384322858133, "consume_sharpness": 1.5606894956331236}
{"user": 11, "interests": [1433, 1585, 9922], "consume_bias": 4.2030076725931025, "consume_sharpness": 0.772430633644314}
{"user": 12, "interests": [9551, 15902, 29365], "consume_bias": 5.94311559219763, "consume_sharpness": 1.5499653420860746}
{"user": 13, "interests": [3668, 5363, 5124], "consume_bias": 6.974914497182753, "consume_sharpness": 0.7890767197193278}
{"user": 14, "interests": [7117, 1506, 7630], "consume_bias": 4.329048395317452, "consume_sharpness": 1.9493121212599442}
{"user": 15, "interests": [2878, 35817, 5425], "consume_bias": 2.5609076035847433, "consume_sharpness": 0.5659703925360715}
{"user": 16, "interests": [13486, 30633, 6702], "consume_bias": 9.763565322094417, "consume_sharpness": 1.7045624514903206}
{"user": 17, "interests": [7673, 11165, 30730], "consume_bias": 3.6970815542616506, "consume_sharpness": 0.9338161190800768}
{"user": 18, "interests": [9112, 159, 49619], "consume_bias": 2.6103825287572313, "consume_sharpness": 0.5248307739270934}
{"user": 19, "interests": [181, 36518, 257], "consume_bias": 8.227390770094779, "consume_sharpness": 0.5418361938339329}
{"user": 20, "interests": [26015, 3551, 1523], "consume_bias": 3.9684492831269758, "consume_sharpness": 1.4369757229549147}
{"user": 21, "interests": [34061, 12634, 29155], "consume_bias": 4.856365241841729, "consume_sharpness": 0.537688238328641}
{"user": 22, "interests": [38724, 7627, 13929], "consume_bias": 5.114117621616598, "consume_sharpness": 1.12161044804092}
{"user": 23, "interests": [16744, 1528, 8711], "consume_bias": 9.021451103403859, "consume_sharpness": 0.6678548225711536}
{"user": 24, "interests": [15123, 44, 4180], "consume_bias": 1.5120959376518328, "consume_sharpness": 1.354851742161848}
{"user": 25, "interests": [23471, 5320, 2213], "consume_bias": 6.934596955370756, "consume_sharpness": 1.3155222128083266}
{"user": 26, "interests": [1544, 1924, 29650], "consume_bias": 8.625815218998936, "consume_sharpness": 1.8587755118839615}
{"user": 27, "interests": [237, 2637, 1489], "consume_bias": 1.2148570406258008, "consume_sharpness": 0.5595474143278055}
{"user": 28, "interests": [3712, 9988, 40071], "consume_bias": 5.289353533790356, "consume_sharpness": 0.6806765520863346}
{"user": 29, "interests": [11811, 15968, 140], "consume_bias": 5.890817621539216, "consume_sharpness": 0.9090028863301486}
{"user": 30, "interests": [21785, 848, 1034], "consume_bias": 3.9447756118762136, "consume_sharpness": 0.6597573430670242}
{"user": 31, "interests": [6080, 47928, 22925], "consume_bias": 5.384617417698328, "consume_sharpness": 1.981379885153782}
{"user": 32, "interests": [33939, 1086, 43583], "consume_bias": 6.653517291716975, "consume_sharpness": 0.8859047657434315}
{"user": 33, "interests": [35401, 1746, 142], "consume_bias": 5.835882235604368, "consume_sharpness": 1.3443147303946144}
{"user": 34, "interests": [506, 17362, 15561], "consume_bias": 8.916736189590333, "consume_sharpness": 0.6322654401126526}
{"user": 35, "interests": [250, 32657, 20299], "consume_bias": 2.762798322166046, "consume_sharpness": 1.874362511477247}
{"user": 36, "interests": [3624, 631, 14707], "consume_bias": 8.451416427806587, "consume_sharpness": 0.6683129074444183}
{"user": 37, "interests": [17782, 14400, 17951], "consume_bias": 2.5049627672036268, "consume_sharpness": 0.5366264915125317}
{"user": 38, "interests": [26647, 546, 1924], "consume_bias": 6.936385798615198, "consume_sharpness": 0.9906224231959937}
{"user": 39, "interests": [156, 408, 40535], "consume_bias": 1.9531679647962363, "consume_sharpness": 0.7131852323496147}
{"user": 40, "interests": [5855, 5353, 16027], "consume_bias": 2.3428857160768324, "consume_sharpness": 1.4793606097246896}
{"user": 41, "interests": [3394, 7245, 11], "consume_bias": 8.07976590095338, "consume_sharpness": 0.8804027726524283}
{"user": 42, "interests": [888, 29453, 27627], "consume_bias": 2.386696133054781, "consume_sharpness": 1.0827350916214515}
{"user": 43, "interests": [4145, 7082, 301], "consume_bias": 4.59623863432701, "consume_sharpness": 0.8393894408775971}
{"user": 44, "interests": [16500, 16487, 4285], "consume_bias": 1.3939887433149978, "consume_sharpness": 1.3882436004802516}
{"user": 45, "interests": [45302, 8271, 5820], "consume_bias": 7.36175661172145, "consume_sharpness": 0.7295626187045483}
{"user": 46, "interests": [23253, 31829, 6020], "consume_bias": 7.434287693346966, "consume_sharpness": 0.7195873979283424}
{"user": 47, "interests": [13601, 156, 176], "consume_bias": 6.9636097380035755, "consume_sharpness": 0.7139094421937268}
{"user": 48, "interests": [47956, 11815, 1787], "consume_bias": 9.786267616661299, "consume_sharpness": 1.981610003928032}
{"user": 49, "interests": [12545, 305, 5088], "consume_bias": 1.1117491496168952, "consume_sharpness": 1.3237596110787684}
{"user": 50, "interests": [10776, 3381, 28362], "consume_bias": 0.07385820610687266, "consume_sharpness": 0.630686103471043}
{"user": 51, "interests": [10627, 38507, 23181], "consume_bias": 9.36565647310182, "consume_sharpness": 0.7832728548716938}
{"user": 52, "interests": [49035, 24392, 7583], "consume_bias": 4.0837249866520065, "consume_sharpness": 1.8606897167788654}
{"user": 53, "interests": [31110, 30756, 951], "consume_bias": 7.57414443777666, "consume_sharpness": 1.1124480481405654}
{"user": 54, "interests": [12482, 14816, 506], "consume_bias": 9.438056020493688, "consume_sharpness": 0.808265004683349}
{"user": 55, "interests": [4171, 122, 7800], "consume_bias": 6.225176124693025, "consume_sharpness": 1.5223091397456763}
{"user": 56, "interests": [16089, 20723, 49892], "consume_bias": 7.355277069981685, "consume_sharpness": 0.7529955616029443}
{"user": 57, "interests": [9161, 1084, 3001], "consume_bias": 5.645106149484783, "consume_sharpness": 1.6486491183715348}
{"user": 58, "interests": [2256, 7801, 23413], "consume_bias": 8.34820060659667, "consume_sharpness": 0.5325131180291972}
{"user": 59, "interests": [6073, 1178, 2749], "consume_bias": 5.053334612757738, "consume_sharpness": 0.5913076863366138}
{"user": 60, "interests": [16559, 15780, 26772], "consume_bias": 6.9553064719902356, "consume_sharpness": 1.2725633507817142}
{"user": 61, "interests": [2657, 19929, 12588], "consume_bias": 6.51683447592088, "consume_sharpness": 0.9907925420463229}
{"user": 62, "interests": [176, 34564, 1175], "consume_bias": 4.711629481934969, "consume_sharpness": 1.1169860298138623}
{"user": 63, "interests": [25606, 5322, 16606], "consume_bias": 3.513584496564992, "consume_sharpness": 1.0555662771013634}
{"user": 64, "interests": [1196, 15489, 7038], "consume_bias": 0.6809402117640495, "consume_sharpness": 0.5170122182542716}
{"user": 65,